{"Indonesia": [119.60350503097368, -2.8295232403782262], "Malaysia": [110.68708724078431, 4.145566487843137], "Chile": [-72.85661663365703, -47.20757422277141], "Bolivia": [-64.89450839637827, -15.554899938967136], "Peru": [-74.48527673192895, -7.8850830611317635], "Argentina": [-64.68466691078305, -37.66160481664527], "Dhekelia Sovereign Base Area": [33.79825306542056, 35.02258229906542], "Cyprus": [33.241209581395346, 34.961555707641196], "India": [82.47821350691483, 21.092944578131057], "China": [111.18842670959059, 31.787147329366764], "Israel": [35.21088831847134, 31.917953314225052], "Palestine": [35.13833256410256, 31.895641384615384], "Lebanon": [35.879499708333334, 33.88609012179487], "Ethiopia": [38.57371762011173, 9.00492187057728], "South Sudan": [29.76323863816926, 6.9106665880829015], "Somalia": [46.746559284431136, 5.930868203592814], "Kenya": [38.21152588356164, 0.21981390182648403], "Malawi": [34.09509067116564, -12.89219583190184], "United Republic of Tanzania": [36.59943250056754, -7.143130507945516], "Syria": [37.36038465820643, 34.99182557191202], "Somaliland": [45.632438940438874, 10.288789429467085], "France": [-6.11209631092437, 37.44206390713208], "Suriname": [-55.99887881546812, 4.039423280868386], "Guyana": [-58.875722669045494, 4.61611772881356], "South Korea": [126.9920282120915, 35.508828138562095], "North Korea": [126.80103997979798, 39.9658835016835], "Morocco": [-9.030058906771345, 29.55819500490677], "Western Sahara": [-12.25723254861111, 24.512564118055554], "Costa Rica": [-84.34022030108827, 9.745717504232164], "Nicaragua": [-84.70789984951975, 13.137341220917822], "Republic of the Congo": [14.63711489070632, -0.776318433457249], "Democratic Republic of the Congo": [23.426903163877267, -3.2563711656206418], "Bhutan": [90.39305464220183, 27.36834933944954], "Ukraine": [30.944686912749155, 48.377457837156825], "Belarus": [28.310369983802218, 53.319172601875536], "Namibia": [18.28827466525782, -21.90589531783601], "South Africa": [24.479674010421387, -29.198941995468964], "Saint Martin": [-63.07882286363636, 18.076237863636365], "Sint Maarten": [-63.08708888888889, 18.047246555555557], "Oman": [56.7582700338819, 21.901709686350436], "Uzbekistan": [66.77003230912365, 41.0101728667467], "Kazakhstan": [64.43346796485396, 48.024508342199006], "Tajikistan": [70.70261426173428, 38.74807622036595], "Lithuania": [23.85996128291815, 55.061819702846975], "Brazil": [-51.292168445823215, -9.791916504181279], "Uruguay": [-56.04414547089041, -32.6105931130137], "Mongolia": [102.1995574892905, 47.96144338286479], "Russia": [86.4109668302318, 63.694453661306994], "Czechia": [15.287715771149674, 49.91482982104122], "Germany": [10.559699230921705, 51.81550560588041], "Estonia": [24.179828299808428, 58.62515213793103], "Latvia": [24.610463528545118, 56.909637023941066], "Norway": [14.795921216223052, 68.05877046981097], "Sweden": [17.79705860771704, 60.75780316741694], "Finland": [23.795304140775194, 62.82804087131783], "Vietnam": [106.63924651128181, 16.352165256841094], "Cambodia": [104.67998835897436, 12.428675967741935], "Luxembourg": [6.0598533705583755, 49.809647456852794], "United Arab Emirates": [54.33230148997494, 24.51603520676692], "Belgium": [4.91600525925926, 50.514602952160494], "Georgia": [43.59922494183865, 42.07640987054409], "North Macedonia": [21.741001743801654, 41.58060968870523], "Albania": [20.001166516245487, 41.04720146028881], "Azerbaijan": [47.29992237095089, 40.1289816677116], "Kosovo": [20.881341376383762, 42.55721757933579], "Turkey": [31.920548671978022, 38.82142035686813], "Spain": [-5.122569351914036, 39.05785932202821], "Laos": [103.93268123679728, 18.29244652243044], "Kyrgyzstan": [73.20099926119403, 40.970446832504145], "Armenia": [45.147966831797234, 40.22392004608295], "Denmark": [10.360376664220183, 55.80684848577982], "Libya": [17.993165266666665, 28.509074575757577], "Tunisia": [10.077767634285713, 34.90411895857143], "Romania": [25.460839756260434, 45.9128494657763], "Hungary": [19.19628159316038, 47.156457139150945], "Slovakia": [19.71368052972028, 48.78604662062937], "Poland": [18.863979023273274, 51.518782563813815], "Ireland": [-8.660443697994987, 53.33488935087719], "United Kingdom": [-4.202647967524252, 55.86982614761704], "Greece": [23.855732302821522, 38.24081218864829], "Zambia": [28.256962415782493, -13.086163879310345], "Sierra Leone": [-12.23888221438849, 8.414220299280576], "Guinea": [-11.368821034398035, 10.140279234029483], "Liberia": [-9.002355116045845, 6.606689803724929], "Central African Republic": [21.225427720424108, 6.296295054129464], "Sudan": [30.808939983870967, 15.010140081494058], "Djibouti": [42.67661471291866, 11.700167464114832], "Eritrea": [39.80443292079208, 15.065196564356436], "Austria": [13.572448367458867, 47.577107561243146], "Iraq": [44.98029619500595, 33.99316253151011], "Italy": [11.768474258851532, 41.975688447485865], "Switzerland": [8.292222763684913, 46.78110572363151], "Iran": [52.979752021261, 32.43288361803519], "Netherlands": [-0.04330448477751763, 49.13539837236534], "Liechtenstein": [9.53386, 47.156756448275864], "Ivory Coast": [-5.612100320200125, 7.434383674171357], "Republic of Serbia": [20.753728852127658, 44.23299893085106], "Mali": [-6.123356154550658, 14.323238390383514], "Senegal": [-14.663894124092888, 13.958111699564586], "Nigeria": [7.727641106094808, 7.580413602708804], "Benin": [2.3111413912337664, 9.949191279220779], "Angola": [16.902197418746194, -11.08085754473524], "Croatia": [16.05109603203759, 44.53585362793678], "Slovenia": [14.973991196531792, 46.13666404431599], "Qatar": [51.168913958506224, 25.452276315352698], "Saudi Arabia": [42.458115024493246, 23.95623132939189], "Botswana": [24.577557427824267, -22.398665291841006], "Zimbabwe": [29.790914044386422, -19.023978454308093], "Pakistan": [68.93431604670715, 29.42094140635217], "Bulgaria": [25.21358001592719, 42.49890575881684], "Thailand": [100.4574282767561, 12.616207362978596], "San Marino": [12.453615, 43.93452363157895], "Haiti": [-72.915725398773, 18.929565765337422], "Dominican Republic": [-70.39902768965517, 18.81370955], "Chad": [18.167626169407896, 12.857455379111842], "Kuwait": [47.97461039919355, 29.418700870967744], "El Salvador": [-88.6531115, 13.763859113157896], "Guatemala": [-90.08718195860567, 15.651239108932462], "East Timor": [125.46209143010752, -8.90723229032258], "Brunei": [114.80945603205129, 4.555801371794872], "Monaco": [7.40309775, 43.73952308333333], "Algeria": [2.8141908582866293, 30.777575730984786], "Mozambique": [35.97813760342613, -17.304893305353318], "eSwatini": [31.50799574117647, -26.602319294117645], "Burundi": [30.010683208469054, -3.0856178338762215], "Rwanda": [29.982158171339563, -1.9730746261682244], "Myanmar": [96.93752144871794, 17.560497002607562], "Bangladesh": [90.42383355, 23.26094603508772], "Andorra": [1.5637602745098038, 42.528383294117646], "Afghanistan": [68.09181362679739, 35.229162748366015], "Montenegro": [19.19982145810056, 42.668217893854745], "Bosnia and Herzegovina": [17.912057003246755, 44.25985754220779], "Uganda": [32.01200989689034, 1.5210942258592473], "US Naval Base Guantanamo Bay": [-75.1634421590909, 19.93233606818182], "Cuba": [-79.44708652836485, 21.845417388579904], "Honduras": [-86.02744080912161, 14.7276455625], "Ecuador": [-82.4413648043622, -1.3037735426305355], "Colombia": [-74.04099578423616, 4.77228337279367], "Paraguay": [-57.961398282704124, -23.937578639157156], "Brazilian Island": [-57.6266788, -30.1886494], "Portugal": [-12.645624609561754, 38.858115403984065], "Moldova": [28.405362436893203, 47.133502611650485], "Turkmenistan": [57.150920091947114, 39.39445322596154], "Jordan": [36.196391535714284, 31.61704060989011], "Nepal": [84.17011304211557, 28.314566483839375], "Lesotho": [28.114767706790122, -29.5788869845679], "Cameroon": [12.897941087225275, 6.279920776098901], "Gabon": [11.23011715389877, -0.9098697175102599], "Niger": [7.959429452975048, 15.599913880038388],